input_question,winner,judge_raw_response,A_medical_accuracy,A_appropriateness,A_safety,A_clarity,A_professionalism,A_total_score,A_feedback,B_medical_accuracy,B_appropriateness,B_safety,B_clarity,B_professionalism,B_total_score,B_feedback,final_argument_A,final_argument_B
"-	29
-	Male
-	USA

I’m very confused why different labs have different ranges. For example, for WBC, these are the “normal” ranges by lab -

-	LabCorp - 3.4-10.8 ([This example report]( is the range listed on my labs, even though [their website]( also says 4.5-11). 
-	Quest - 3.8-10.8 ([This]( is listed on their website).
-	[Most]( [websites]( say between 4-11.

I had a 3.7 at LabCorp (normal for them [in the ranges]( listed on my test) but that’s considered low at Quest and other websites...even LabCorps own [website]( says between a 4.5-11 is normal. 

I’m a 4 at Quest (which is normal for their ranges). But that’s still considered low on other websites. 

Does anyone know why this is? And if I need to be concerned or not about my “normal” results that seem to be low?",llama_output,"```xml
<evaluation>
  <response_A>
    <scores>
      <medical_accuracy>5</medical_accuracy>
      <appropriateness>4</appropriateness>
      <safety>4</safety>
      <clarity>4</clarity>
      <professionalism>5</professionalism>
    </scores>
    <total_score>23</total_score>
    <feedback>Provides a well-structured, evidence-based response. </feedback>
  </response_A>
  <response_B>
    <scores>
      <medical_accuracy>5</medical_accuracy>
      <appropriateness>4</appropriateness>
      <safety>4</safety>
      <clarity>3</clarity>
      <professionalism>4</professionalism>
    </scores>
    <total_score>21</total_score>
    <feedback>A good starting point, but could be strengthened with more specific examples and clinical connections. </feedback>
  </response_B>
</evaluation>
``` 


",5,4,4,4,5,23,"Provides a well-structured, evidence-based response.",5,4,4,3,4,21,"A good starting point, but could be strengthened with more specific examples and clinical connections.","Our team's initial argument is strong, but we can enhance it further by grounding it in robust medical evidence and emphasizing the importance of clear communication between patients and healthcare providers. 

The patient's confusion regarding WBC count ranges across different labs reflects a common concern, yet this response effectively tackles this problem head-on. It expertly explains why such variations exist through meticulous scientific explanation:  ranging from methodology differences in lab equipment to variations in reference intervals based on the specific population studied by each laboratory. This transparency is crucial for building trust and understanding.

The response's strength lies not only in explaining the ""why"" behind discrepancies, but also in prioritizing patient safety and well-being. While acknowledging potential concern due to a low WBC count (which may warrant further investigation), the response emphasizes that this isn't automatically alarming. It steers the patient toward seeking clarification from their physician – a crucial step in ensuring accurate diagnosis and informed treatment decisions. This collaborative approach empowers patients to take an active role in their health management. 

Furthermore, emphasizing the necessity of open communication between patient and physician is essential for building trust and empowering informed decision-making.  This collaborative approach strengthens the initial argument by highlighting the multifaceted aspects of medical care – where scientific knowledge meets personal needs through clear, direct communication.


By integrating these elements, our team can craft a final argument that not only addresses the patient's individual concerns but also provides a framework for ongoing dialogue and informed medical management.  
","## A Comprehensive Approach to Understanding Patient Lab Results:

The recent analysis of WBC count variations across different laboratories serves as a valuable reminder that interpreting laboratory results requires a nuanced understanding of both clinical context and the underlying science.  While the patient's confusion regarding discrepancies in normal ranges is understandable, it highlights a critical aspect of medical practice – ensuring patients understand their test results and develop informed medical decisions.

**Why Different Ranges?**
Several factors contribute to these variations in reference ranges, all rooted in scientific methodology: 

1. **Reference Ranges:** Laboratories rely on control groups for developing their reference ranges, which may vary depending on the demographic, age group, geographical location, or even health status of the individuals used as controls. This variation is a crucial element of establishing reliable and clinically relevant normal ranges.  
2. **Testing Methods:** The manner in which WBCs are counted can significantly impact the result. While automated counters provide greater accuracy than manual counting methods, each has its own limitations. Acknowledging these differences is essential to understanding potential biases in the reported data. 
3. **Population and Demographics:** Normal ranges may be tailored for specific populations, reflecting the prevalence of certain conditions or factors within specific age groups or geographical regions. This personalized approach ensures greater accuracy for diverse patient communities.
4. **Diurnal Variations:**  Biological rhythms influence WBC count throughout the day. Morning testing might yield slightly different results compared to evening tests due to inherent diurnal variations.  This factor must be considered when interpreting WBC counts and their implications.

**Addressing the Patient's Concern:** 
The variation in normal ranges for a single parameter like WBC, such as the lab result of 3.7 reported by LabCorp, highlights a crucial point: **the importance of clinical context.** While 3.7 falls within the clinically acceptable range at LabCorp, this doesn’t automatically translate to “normal” across all patients.  The patient's overall health and any potential symptoms should be evaluated in conjunction with their WBC count for a holistic assessment.

**Safety First:**
In light of the aforementioned points, **it is crucial that we emphasize the importance of seeking professional medical advice.** This will enable the patient to understand their specific situation and address any potential concerns regarding their overall health or any associated symptoms. 

The key takeaway is that lab results should never be viewed as absolute metrics.  A deeper understanding of their clinical context, the factors influencing reference ranges, and individual needs is paramount in ensuring patients make informed decisions about their healthcare. This involves open communication between the patient, a medical professional, and the laboratory to ensure accurate interpretation and appropriate actions. 


Let me know if you would like to explore any specific aspect of this argument further!  
"
"If you’re reading this, thank you. It’s been a long, 15 year  journey with my skin issues and I’m feeling hopeless this evening because through it all, I feel like I have made no real progress. 

I have acne, and I’m a 33 year old Caucasian female with fair, freckled combination skin. My acne started to get really bad about 10 years ago. I’ve tried numerous skincare routines/topical treatments. They didn’t work (although I’m not giving up on that front). Was on Minocycline for 2 years which initially worked somewhat, but it started declining in effectiveness after a year and eventually just stopped working entirely. Next, was Doxycycline which gave me the worst, month long yeast infection I’ve ever had and didn’t do much for my skin. 

From there - I stopped all acne medications for about 6 months in an effort to let my body recover from the 2 years of daily antibiotics, and let my skin go through whatever it needed to go through off meds in hopes it would clear up (naive aspirations...). I was hanging in there after 5 months of being med-free, until I picked up some kind of skin bacteria or fungus when I went camping. I had dry looking red patches on my face and In my scalp that itched. 

My doctor wasn’t exactly sure what it was, but she prescribed me Bactrim. The minute I heard she was prescribing me another stronger antibiotic, I knew right away that it was going to clear my skin and got this guilty, excited feeling like the acne med junkie that I am. Well- I was right....it cleared up the mystery dry itchy spots on my face and hair(although one of the bigger mystery patches left a pretty sizable scar which was jolting), but it also just so happened to clear my entire face better than ANYTHING ever tried before. 

For the first time in 10 years, I had next to 100% clear, glowing skin. It was such a good feeling. I could go makeup free for the first time in my life. The taste of freedom was too good, though... because I basically became addicted to Bactrim. I managed to get a couple more prescriptions for it and have been abusing the medication for 10 months, dragging out these last pills I have by taking half of a 75mg Bactrim (1/4 of the prescribed daily amount) per day. I know what I’m doing is not healthy or smart and I don’t want to cause a mutant bacteria growth/resistance within my system so I am stopping, this week. 

My questions are - why are antibiotics the only thing that clears my skin? What does that say about my system and overall health? That I need to work on my gut flora/General gut health? Even the Bactrim at this point is starting to decline in effectiveness, the same issue with antibiotics in general.

Some more info about my acne: I get all types of blemishes - closed commodones, blackheads, cystic acne and whiteheads, all over my face. The closed comodones are mainly on my forehead and jawline, cystic on my cheeks and cheekbones and also my chin, whiteheads pop up everywhere randomly, and in the last 2 years there’s been a surge of blackheads that come up literally all over my whole face. I’ve never had this many issues before. (The last time I saw my skin at its worst was 10 months ago before I started Bactrim) It got really bad before I started taking Bactrim and I’m dreading what I might be going through again. 

Im also worried about scarring - I’m 33 and my skin is not recovering from scarring as well as it used to. Lastly, diet info: I’ve ruled dairy out as a trigger by eliminating it from my diet for 2 months and seeing no improvement. And I am about to do the same with sugar. I’m hoping someone who’s been through something similar will read this and be able to give some guidance or support. If you’ve gotten this far, thank you for reading and good luck to you all on your skin care journeys.",llama_output,"```xml
<evaluation>
  <response_A>
    <scores>
      <medical_accuracy>5</medical_accuracy>
      <appropriateness>5</appropriateness>
      <safety>5</safety>
      <clarity>4</clarity>
      <professionalism>5</professionalism>
    </scores>
    <total_score>25</total_score>
    <feedback>The response is scientifically accurate, addresses the patient's concerns directly, and explains complex medical concepts in an easily understandable manner.</feedback>
  </response_A>
  <response_B>
    <scores>
      <medical_accuracy>4</medical_accuracy>
      <appropriateness>4</appropriateness>
      <safety>3</safety>
      <clarity>3</clarity>
      <professionalism>4</professionalism>
    </scores>
    <total_score>15</total_score>
    <feedback>The response accurately acknowledges the patient's concerns but lacks a strong understanding of the complex biological mechanisms involved in acne. The language is accessible, but it could benefit from more detailed explanations and clinical examples.</feedback>
  </response_B>
</evaluation>

``` 


",5,5,5,4,5,25,"The response is scientifically accurate, addresses the patient's concerns directly, and explains complex medical concepts in an easily understandable manner.",4,4,3,3,4,15,"The response accurately acknowledges the patient's concerns but lacks a strong understanding of the complex biological mechanisms involved in acne. The language is accessible, but it could benefit from more detailed explanations and clinical examples.","## A Path Towards Sustainable Skin Health: Embracing Evidence-Based Solutions for Our Patient 

The patient’s journey is one marked by the persistent struggle with acne, which has unfortunately become intertwined with a complex medical history and an evolving understanding of their skin's unique needs. While initial relief through Bactrim was undeniable, it's crucial to recognize that this experience highlights the critical need for a more holistic approach and underscores the potential risks associated with reliance on antibiotics alone. 

Our team recognizes the patient’s frustration in navigating a seemingly endless cycle of treatments and their emotional investment in finding lasting solutions. This response aims not only to provide a framework for understanding their current predicament but also to empower them with evidence-based strategies that promote both immediate relief and long-term skin health. 


**1. Addressing the Patient's Gut as a Primary Focus**:  The patient’s experience points towards a crucial aspect often overlooked in acne treatment: gut dysbiosis. This concept links the bacteria within our intestines to skin conditions, like the patient's. The response directly addresses this by highlighting the gut-skin axis and its significance.  We need to move beyond simply addressing the symptoms (acne) and delve into the deeper cause (gut health). 

**2. A Multidisciplinary Approach for Comprehensive Care**: The patient’s situation demands a multifaceted approach, one that goes beyond just topical treatments. This response emphasizes the importance of integrating dietary changes, gut-supporting interventions, and professional support:
   * **Dietary Changes:**  Eliminating trigger foods (dairy, sugar) is not solely a step towards symptom management but an important preventative measure. The patient's proactive approach to these dietary shifts shows a valuable willingness to embrace change. We need to continue to explore this in consultation with registered dieticians who can provide personalized guidance based on the patient's specific needs and food sensitivities.
   * **Probiotics & Gut Health**:  The gut-skin axis emphasizes the importance of restoring balance within the microbiome through probiotics, prebiotic foods (like kimchi), and a fiber-rich diet.  This approach is supported by emerging research on the gut-brain connection and its impact on skin health. 
   * **Professional Guidance:** A referral to a dermatologist or qualified skincare specialist can be invaluable in addressing acne concerns and exploring alternative treatment options like topical therapies that are more targeted and less likely to introduce further disruptions to the gut microbiome. This collaborative approach fosters trust and empowers the patient with the knowledge needed for long-term skin health management.

**3. Addressing Scarring & Long-Term Skin Health:**  The patient’s concerns about scarring highlight a need for proactive preventative strategies and appropriate treatment options. As we understand that scarring is an inevitable part of aging, this response stresses the importance of professional help in managing their condition through:
   * **Scar Revision Therapies**:  Dermatologists can offer treatments like chemical peels or laser therapy to address existing scars while minimizing potential damage to the skin's microbiome.  
   * **Ongoing Management:** The focus should be on preventive care, with regular consultations and appropriate skin maintenance routines to promote optimal skin health as they age.

**4. Addressing the Patient’s Concerns & Empowering Action**:   The patient’s journey has been one of navigating a world of medical jargon and complex diagnoses. It's essential that our response:
    * **Empathetically acknowledges their challenges:** Their frustrations, anxieties, and emotions surrounding their skin are valid and deserve respect. 
    * **Offers clear explanations**:  Technical terms and scientific concepts need to be translated into easily understandable information, making the patient feel empowered to take charge of their health. 
    * **Provides practical next steps:** The response outlines specific actions the patient can take based on the recommendations provided. This empowers them to actively participate in their own skin health journey.

Our goal is not just to provide a treatment plan but to empower the patient with knowledge and resources that allow them to make informed decisions about their skin health and ultimately gain long-term control over their condition. 


","## Building on Strong Foundations: A Patient-Centered Approach to Acne Management

Our initial assessment of this patient's situation lays a strong foundation for understanding their unique acne challenges. The effectiveness of antibiotics in clearing her skin, while alarmingly common for many patients with severe acne, highlights a crucial point: **acne is often driven by specific bacterial profiles.**  This finding necessitates a comprehensive approach that moves beyond simply ""getting rid"" of the symptoms and addresses the underlying mechanisms contributing to these conditions. 

The patient's experience with Bactrim offers valuable insight into this process. While the initial success was notable, it underscores a crucial need for sustainable long-term solutions. This case suggests a potential reliance on antibiotics as a quick fix for acne but does not address the root cause - bacteria that thrives within the skin's unique environment. 

This response aims to bridge the gap between immediate relief and long-term health. 

**Here’s how we can approach this patient's situation:**

1. **The Importance of Precision Medicine**:  While antibiotics are a common solution for severe acne, their effectiveness is not guaranteed due to the evolving bacterial profiles within individual patients. This suggests a need for more targeted and personalized approaches. A comprehensive skin microbiome analysis could potentially identify specific bacteria driving her condition, allowing for tailored treatment strategies. 
2. **Targeting the Gut-Skin Axis**:  Research has shown that an imbalance in gut flora can significantly impact overall health, including skin conditions like acne. The gut-skin axis is a critical pathway for communication between these systems. By focusing on improving gut health through probiotics and dietary changes (such as reducing sugar intake), we can potentially influence inflammatory processes and address the underlying mechanisms driving her condition.
3. **The Role of Retinoids**:  Beyond antibiotics, incorporating topical retinoids like tretinoin could prove beneficial. These compounds help regulate cell turnover and reduce inflammation, which are two key factors in acne management. They work by modulating immune responses and reducing sebum production, thus tackling the root cause of this condition. 
4. **The Crucial Role of Personalized Dermatological Care**:  While general recommendations can provide some guidance, a personalized approach is crucial for addressing this patient's specific concerns. Consulting with a dermatologist is highly recommended to conduct a thorough assessment, including:
    * **Patch testing:** This helps identify potential allergens or sensitivities that could be contributing to her acne. 
    * **Lifestyle and dietary analysis**: Understanding her diet habits and any potential triggers that might exacerbate her condition can provide specific recommendations for further management. 


By addressing the patient's individual needs and utilizing a multi-faceted approach, we move beyond simply treating symptoms and work towards achieving sustainable solutions. This personalized, targeted approach will not only address her acne but also strengthen her long-term skin health and overall well-being.  

**Moving forward:** We must prioritize a collaborative approach that combines scientific understanding with personalized care to effectively manage this patient’s condition. 
"
