input_question,winner,judge_raw_response,A_correctness,A_reasoning,A_completeness,A_accuracy,A_total_score,A_feedback,B_correctness,B_reasoning,B_completeness,B_accuracy,B_total_score,B_feedback,final_argument_A,final_argument_B
Janet’s ducks lay 16 eggs per day. She eats three for breakfast every morning and bakes muffins for her friends every day with four. She sells the remainder at the farmers' market daily for $2 per fresh duck egg. How much in dollars does she make every day at the farmers' market?,parse_error,"The evaluation focuses on four criteria: correctness, reasoning, completeness, and accuracy for each solution.

**For Solution A:**
- **Correctness:** The final answer is correct if selling all leftovers, but details about not considering other uses are missing.
- **Reasoning:** Clear steps with possible oversight in ignoring leftover eggs.
- **Completeness:** Missing key information, which could be an issue.
- **Accuracy:** Correct calculations.

**For Solution B:**
- **Correctness:** Not provided without its content.
- **Reasoning:** Starts clearly but lacks step-by-step details.
- **Completeness:** Possibly more detailed than A, but without full explanation.
- **Accuracy:** Not fully clear as there's missing information.

Both solutions have good initial reasoning but lack crucial details. The final answer for Solution A is $18 if selling all eggs, whereas Solution B isn't specified.",,,,,,,,,,,,,"Janet sells her ducks' eggs at the farmers' market for $18 every day after using 7 eggs (3 for breakfast and 4 for baking muffins) from her daily total of 16. 

**Step-by-Step Explanation:**

1. **Total Eggs Laid Per Day:** Janet's ducks lay 16 eggs each day.

2. **Eggs Consumed:**
   - **Breakfast Consumption:** She uses 3 eggs.
   - **Muffin Baking:** She requires 4 eggs for baking muffins.

3. **Total Eggs Used:** 3 (breakfast) + 4 (muffins) = 7 eggs per day.

4. **Eggs Left to Sell:** Subtract the used eggs from the total laid: 16 - 7 = 9 eggs.

5. **Daily Earnings Calculation:** She sells each egg for $2, so 9 eggs × $2 = $18 daily at the farmers' market.

This breakdown confirms that Janet earns $18 every day from selling her ducks' eggs at the market.",
A robe takes 2 bolts of blue fiber and half that much white fiber.  How many bolts in total does it take?,tie,"<evaluation>
  <solution_A>
    <scores>
      <correctness>5</correctness>
      <reasoning>5</reasoning>
      <completeness>5</completeness>
      <accuracy>5</accuracy>
    </scores>
    <total_score>20</total_score>
    <feedback>Excellent solution. Clear reasoning, complete and accurate calculations. Directly addresses the problem by specifying materials needed and providing a clear final answer.</feedback>
  </solution_A>
  
  <solution_B>
    <scores>
      <correctness>5</correctness>
      <reasoning>5</reasoning>
      <completeness>5</completeness>
      <accuracy>5</accuracy>
    </scores>
    <total_score>20</total_score>
    <feedback>Excellent solution. Clear and thorough reasoning, with each step explained and accurately calculated leading to the final answer of 3 bolts.</feedback>
  </solution_B>
</evaluation>",5,5,5,5,20,"Excellent solution. Clear reasoning, complete and accurate calculations. Directly addresses the problem by specifying materials needed and providing a clear final answer.",5,5,5,5,20,"Excellent solution. Clear and thorough reasoning, with each step explained and accurately calculated leading to the final answer of 3 bolts.","The total number of bolts needed for the robe is indeed calculated by adding the blue fiber and white fiber together. Since one bolt of blue fiber is used along with half a bolt (or 0.5 bolts) of white fiber, the calculation becomes 2 + 0.5 = 2.5 bolts in total. This method ensures that all materials are accounted for accurately, providing a clear and concise solution.

**Final Argument:**
The robe requires both blue and white fibers. Specifically, it takes 2 bolts of blue fiber plus half of that quantity, which is 1 bolt of white fiber. By adding these together, we find the total number of bolts needed is 2 + 0.5 = 2.5. This straightforward calculation ensures all materials are accounted for accurately, resulting in a clear and precise solution.","To determine the total number of bolts required to make the robe, let's break down each component step by step.

1. **Blue Fiber Requirement:**
   - The robe needs **2 bolts** of blue fiber.

2. **White Fiber Requirement:**
   - It also requires **half that much** white fiber.
   - Half of 2 bolts is calculated as \( \frac{2}{2} = 1 \) bolt.
   - Therefore, the white fiber needed is **1 bolt**.

3. **Total Bolts Calculation:**
   - Add the blue and white fibers together:
     \[
     \text{Total bolts} = \text{Blue fibers} + \text{White fibers} = 2 + 1 = 3
     \]

#### Final Answer  
\boxed{3}

**Conclusion:** The robe requires a total of **3 bolts**."
