input_question,answer_A_defended,final_argument_A,score_A,feedback_A,answer_B_defended,final_argument_B,score_B,feedback_B,judge_raw_response,winner
"Answer the following question: Given the background: Middle adulthood lasts from the mid-30s to the mid-60s. During this stage of life, many people raise a family and strive to attain career goals. They start showing physical signs of aging, such as wrinkles and gray hair. Typically, vision, strength and reaction time start declining. Diseases such as type 2 diabetes, cardiovascular or heart disease, and cancer are often diagnosed during this stage of life. These diseases are also the chief causes of death in middle adulthood.  and the situation: David works for the government as a statistician. He had to produce a report for the coming annual meeting. This year he is thinking about a report with some lifestyle suggestions for middle adulthood population. To make it easier to understand the needs of middle adulthood population he would compare it with a group who are in their twenties. He labeled the first group as group A; and the latter group as group B.  Answer the following question: Would group B have faster or slower reaction time than group A?
Answer:",llama_output,"**Final Argument:**

In David's report, addressing reaction time differences between Group A (20-29) and Group B (30-40), we can strengthen the case by integrating both biological factors and practical considerations.

Firstly, **biological aging impacts** play a crucial role. According to gerontologists, physical decline in the nervous system slows reaction times, which is essential for maintaining cognitive function and physical health. This biological change is particularly evident in Group B, as individuals older themselves, experiencing even more significant declines than those who transition into middle adulthood.

Additionally, **cognitive functions** such as attention and decision-making are significantly affected by age. Studies from the Journal of Gerontology reveal a 10-20% decline in reaction time per decade post-adult, with greater declines observed in older adults (60-79). This concrete evidence underscores that Group B, being older themselves, has faster reaction times compared to Group A.

Moreover, **sleep patterns and occupational demands** also influence reaction times. Individuals transitioning into middle adulthood may experience fluctuating sleep and stress responses, while those older themselves face cumulative aging challenges, both of which can impact cognitive performance.

In conclusion, the biological decline in the nervous system, supported by studies, highlights that Group B (30-40) has faster reaction times compared to Group A (20-29). This difference is not only due to age-related declines but also attributed to practical considerations such as transitioning into and older oneself. These points effectively support David's report, emphasizing the importance of maintaining physical and cognitive abilities to mitigate the decline in reaction time.",4,"This answer effectively addresses both the biological factors and practical considerations relevant to reaction times. It connects the decline in physical functions with lifestyle choices, providing a comprehensive explanation.",distill_llama_output,"**Final Argument:**

David's statistics team needs to understand whether Group B (in their forties) has faster or slower reaction times compared to Group A (middle adults in mid-30s to mid-60s). 

The answer hinges on several factors. Middle adulthood begins with physical signs of aging, including slower reactions and increased wrinkles, which are declines from the natural decline during this stage. However, these changes are not as significant when comparing middle-aged individuals with younger groups.

Group B, being in their forties, likely has a more active lifestyle, contributing to quicker reaction times due to consistent physical activity and less health-related decline. Optimal health and better sleep patterns also play roles in maintaining faster reflexes. 

Stress levels can affect reaction time too, with fewer stressful events leading to quicker responses. While some individuals may have cognitive changes from aging, middle-aged groups generally maintain their reaction times more effectively than younger twenties.

In conclusion, Group B, being a younger group in their forties, would exhibit faster reaction times compared to Group A due to active life, optimal health, and less decline associated with age.",4,Parsing failed.,"<evaluation>
<score_A>4</score_A>
<feedback_A>This answer effectively addresses both the biological factors and practical considerations relevant to reaction times. It connects the decline in physical functions with lifestyle choices, providing a comprehensive explanation.</feedback_A>

<score_B>4</score_B>
<feedback_BThis answer also provides a thorough analysis by connecting age-related declines with lifestyle factors. However, it could be slightly more detailed in explaining how individual lifestyle choices contribute to better reaction times despite being younger. This makes the argument more robust and well-structured.</feedback_B>
</evaluation>",tie
"Who is allowed to read the guides ?

Translate to French.",llama_output,"**Final Argument:**

To address who is allowed to read AI-generated guides, we must consider several key factors:

1. **Confidentiality and Sensitivity**: Guidance often contains confidential or sensitive information that should be reserved for those with specific access needs, such as government confidentiality or corporate secrets.

2. **Intellectual Property Rights**: Guides may belong to organizations or projects where only designated stakeholders can read them without infringing on intellectual property rights, ensuring content remains original and non-intrusive.

3. **Contextual Access Needs**: Different user groups have varying expectations. For example, professionals in specific fields require more open access for regular guidance use, while less specialized roles may benefit from restricted access to avoid unnecessary information.

4. **Legal Frameworks**: Legal regulations, such as GDPR or CCPA, impose limitations on accessing company documents based on the medium and structure of distribution. Online platforms might allow broader readers, while physical formats have different access restrictions.

5. **Purpose-Driven Access**: Guides are designed for various purposes—some supplementary, others business references. Each purpose may require varying levels of accessibility, ensuring clarity and readability without overly technical requirements.

6. **Evolution and Updates**: Adapting guidelines to stay current is crucial. Outdated content might lead to misunderstandings if not updated, affecting who can read it effectively without hindering comprehension for all readers.

In summary, the allowed access to AI-generated guides depends on a balance of confidentiality, intellectual property, regulatory compliance, user needs, and evolving content. This approach ensures clarity, accessibility, and adherence to both legal and practical standards, addressing diverse perspectives effectively.",4,"Answer A provides a detailed and comprehensive analysis of the factors involved, addressing confidentiality, intellectual property, contextual needs, legal frameworks, purpose-driven access, and evolution. However, it neglects to consider specific purposes of the guides beyond general accessibility, which could impact clarity for different users. This omission makes the answer slightly lacking in completeness.",distill_llama_output,"The guides are exclusively accessible to individuals who have an active subscription. This setup ensures that users can access the latest information and updates regularly, while non-subscribers may miss out on any new content or information. The platform likely manages access through sign-ups or subscriptions, making it clear that only those meeting the subscription requirements can read the guides.",3,"Answer B is very basic and only addresses subscription-based access, missing key factors like confidentiality, intellectual property, purpose considerations, legal compliance, and user needs. It lacks depth and detail compared to Answer A. The feedback focuses on the lack of comprehensive analysis in Answer B.","<evaluation>
<score_A>4</score_A>
<feedback_A>Answer A provides a detailed and comprehensive analysis of the factors involved, addressing confidentiality, intellectual property, contextual needs, legal frameworks, purpose-driven access, and evolution. However, it neglects to consider specific purposes of the guides beyond general accessibility, which could impact clarity for different users. This omission makes the answer slightly lacking in completeness.</feedback_A>
<score_B>3</score_B>
<feedback_B>Answer B is very basic and only addresses subscription-based access, missing key factors like confidentiality, intellectual property, purpose considerations, legal compliance, and user needs. It lacks depth and detail compared to Answer A. The feedback focuses on the lack of comprehensive analysis in Answer B.</feedback_B>
</evaluation>",llama_output
"Question: what does pirelli threaten to reveal? If there is no answer, please output ""Insufficient information to provide an answer."". Movie title: Sweeney Todd: The Demon Barber of Fleet Street Context: Benjamin Barker (Johnny Depp), a skilled barber, is falsely charged and sentenced to a life of hard labor in Australia by the corrupt Judge Turpin (Alan Rickman), who lusts after Barker's wife Lucy (Laura Michelle Kelly). Now under the assumed name ""Sweeney Todd"", Barker returns to London with sailor Anthony Hope (Jamie Campbell Bower). At his old Fleet Street lodgings above Mrs. Nellie Lovett's (Helena Bonham Carter) pie shop, he discovers that Lucy, having been raped by Turpin, has poisoned herself, and his teenage daughter Johanna (Jayne Wisener) is now Turpin's ward, and like her mother before her, is the object of his unwanted affections. Nellie has kept Todd's silver barber knives hidden in the Barkers' old room, which is supposedly haunted. Todd vows revenge, reopening his barber shop in the upstairs flat.While roaming London, Anthony spots Johanna and falls in love with her, but is ejected from the Judge's house by Turpin and his associate, Beadle Bamford (Timothy Spall). Far from being discouraged, the sailor becomes determined that the pair will elope. Meanwhile, Todd, during a visit to the marketplace, denounces a fraudulent hair tonic by faux-Italian barber Adolfo Pirelli (Sacha Baron Cohen), and later humiliates him in a public shaving contest. Pirelli and his boy assistant Toby (Ed Sanders) visit Todd's barbershop; Lovett keeps Toby occupied downstairs, while in the parlor Pirelli reveals himself to be Todd's former assistant and attempts to blackmail him into paying him half of Todd's earnings or he will reveal Todd's real identity. Instead of giving Pirelli a pay off Todd murders him to protect the secret of his true identity.Turpin, intending to propose to Johanna, pays a visit to Todd's parlor to groom himself into Johanna's ideal suitor. Recognizing his tormentor, Todd relaxes the judge while preparing to slit his throat. Before he can do so, they are interrupted by Anthony, who, unaware of Turpin's presence, bursts in and reveals his plan to elope with Johanna. Turpin leaves enraged,...
Answer:",llama_output,"**Final Argument:**

To determine what Adolfo Pirelli threatens to reveal, we examine several key strengths and integrate them into a more cohesive argument:

1. **Mutual Respect and Shared Knowledge:** The scene underscores the characters' deep bond and shared understanding of each other. This mutual respect highlights how trust and comprehension build over time, essential for narrative continuity and character development.

2. **Significance as a Plot Device:** Pirelli's actions serve as a significant plot device, setting up future developments, particularly in identity and power dynamics. His manipulation of Sweeneley foreshadows deeper themes that will influence the story's progression.

3. **Impact on Character Development:** This interaction reveals insights into Barker's true identity and past, impacting the narrative and character arcs. It underscores how revealing such information can lead to resolution and thematic exploration.

4. **Central Theme of Power Dynamics:** The scene exemplifies a pivotal moment in exploring power dynamics, where Pirelli's actions escalate tension within the barbershop, showcasing how lies can alter relationships and outcomes.

By integrating these points, we reinforce why this interaction is central to understanding both the narrative and underlying themes, providing a comprehensive argument for its significance.",5,"This argument is excellent. It effectively connects several key points from the movie, showing how mutual respect, significance as a plot device, impact on character development, and central themes all contribute to understanding both the narrative and undercurrent themes. The argument is comprehensive and insightful.",distill_llama_output,"**Final Argument:**
Pirelli threatens to reveal that Sweeney Todd is Benjamin Barker by exposing his past crimes upon returning to Australia. Through their dynamic, Pireli exposes Todd's guilt and desperation. By threatening to reveal Sweeney Todd's real identity, Pireli forces Todd into a desperate situation where he must either pay up or eliminate the threat, ultimately leading him to kill Pireli to protect his own secret. This moment underscores Todd's growing moral responsibility and his descent into extreme action as he confronts his past.",4,Parsing failed.,"<evaluation>
<score_A>5</score_A>
<feedback_A>This argument is excellent. It effectively connects several key points from the movie, showing how mutual respect, significance as a plot device, impact on character development, and central themes all contribute to understanding both the narrative and undercurrent themes. The argument is comprehensive and insightful.</feedback_A>
<score_B>4</score_B>
<feedback_BWhile Answer B does touch on moral responsibility and extreme action, it oversimplifies Pireli's role in the film by conflating a fictional character with their reality. This could lead to inaccuracies without context from the film itself. The argument is relevant but lacks depth.</feedback_B>",llama_output
"Rate the similarity of the following two sentences on a scale from 0 to 5, where 0 is ""no meaning overlap"" and 5 is ""means the same thing""?

""I'm real excited to be a Cleveland Cavalier,"" James said.
""I'm really excited about going to Cleveland,"" James told ESPN.com.

Choose from:
[1]. 0.
[2]. 1.
[3]. 2.
[4]. 3.
[5]. 4.
[6]. 5.",llama_output,"The similarity score for the two sentences is rated at **3/5**, indicating that while both express a positive emotional tone, they differ in the context and object of excitement. The first sentence emphasizes James' enthusiasm about joining or being associated with the Cleveland Cavaliers, whereas the second focuses on his excitement about visiting Cleveland as a city.

**Final Answer:** 3",3,Nice explanation of context differences between James' enthusiasm about his team and relocation to Cleveland.,distill_llama_output,"**Your Teammate's Initial Argument:**
""Okay, so I need to figure out how similar these two sentences are on a scale from 0 to 5. The sentences are:

1. ""I'm real excited to be a Cleveland Cavalier,"" James said.
2. ""I'm really excited about going to Cleveland,"" James told ESPN.com.

First, I'll break down each sentence to understand their meaning and content. The first sentence is about James being excited to be a member of the Cleveland Cavaliers. It mentions his excitement specifically about joining that team. The second sentence is about James being excited about moving to Cleveland, which could be interpreted as being excited about the location or the opportunity, not necessarily about becoming part of the team.

Looking at the wording, the first sentence uses ""real excited"" and mentions ""be a Cleveland Cavalier,"" which directly refers to his role with the team. The second sentence uses ""really excited"" and mentions ""going to Cleveland,"" which is more about his move to the city rather than his role with the team.

The subject matter is related—both are about James's feelings for Cleveland—but the focus differs. The first is about his excitement related to his sports team, while the second is about his excitement regarding his relocation to the city. Therefore, there's some overlap in that both talk about his feelings for Cleveland, but the context is different.

I think the similarity score would be lower because they share a common theme of excitement about Cleveland but focus on different aspects of James's connection with it.""

**Answer: 2**

**Your Teammate's Final Argument:**
""Alright, so after thinking about this, I want to make sure my argument is clear and confident. Both sentences are about James being excited about the city of Cleveland in some way, either through his team or his relocation there.

The first sentence is more focused on his enthusiasm for being a member of the Cavaliers. It's directly tied to his role with the team, so it tells a specific story about his personal connection to Cleveland through his sports achievements. The second sentence, however, shifts that focus to him moving out of town, which is a different aspect of his connection to the city.

While both sentences highlight excitement around Cleveland, they don't go into the same level of detail about James's professional relationship with the team in the first one as they do about his personal relocation experience. That difference makes me think this similarity score is justified.""

**Answer: 2**

**Final Answer:**
The similarity between the two sentences is rated at [2], which indicates a moderate level of overlap but different focuses.

**Final Answer:** 2",2,"Concise overall argument, missing some depth in explaining the focus on each sentence.","<evaluation>
<score_A>3</score_A>
<feedback_A>Nice explanation of context differences between James' enthusiasm about his team and relocation to Cleveland.</feedback_A>
<score_B>2</score_B>
<feedback_B>Concise overall argument, missing some depth in explaining the focus on each sentence.</feedback_B>
</evaluation>",llama_output
"If ""A middle-aged man soaks up the sun in a public park."" does that mean that ""Man enjoys day off.""?
Options:
- yes
- it is not possible to tell
- no
Let's solve step-by-step:",llama_output,"**Final Argument:**

The statement ""A middle-aged man soaks up the sun in a public park."" suggests that he's enjoying his free time or taking a break from work or relaxation. While soaking up the sun is an activity people typically engage in during their free time, it doesn't necessarily mean he must enjoy a day off. 

Possible interpretations include:
1. **Part of His Routine:** He could be meeting friends, having fun outdoors, or engaging in leisure activities without feeling the need to take a break.
2. **Plain Enjoyment Without Rest:** He might just be relaxing without any specific intention of taking a rest, possibly due to other activities he's doing.
3. **Combined Activity:** The sun-soaking could be part of a broader context where other enjoyable activities are happening simultaneously.

Thus, while definitive conclusions about his day off enjoyment may not be possible, logical reasoning indicates plausible inferences about his routine and preferences within the park setting.",3,Possible interpretations indicate multiple angles but lack specificity on day off enjoyment.,distill_llama_output,"**Final Argument:** Soaking up the sun in a public park can be associated with relaxation or rest, which might suggest some kind of break from active work. However, without additional context or information about how long the person spent in the park and other activities, it's not possible to definitively conclude that they are enjoying a full day off. Relaxation could occur at various stages and levels of activity, making this statement incomplete unless more evidence is provided.",3,Could infer relaxation but lacks context for full day off conclusions.,"The evaluation criteria require assessing relevance and accuracy. 

**Answer A:** The argument is somewhat relevant by discussing soaking up the sun's association with relaxation but doesn't conclusively address enjoying a day off. It lacks depth in this context.

**Answer B:** Similarly, while it discusses relaxation or rest, without additional information on activities or duration, it remains incomplete.

**Evaluation Response:**

<evaluation>
<score_A>3</score_A>
<feedback_A>Possible interpretations indicate multiple angles but lack specificity on day off enjoyment.</feedback_A>
<score_B>3</score_B>
<feedback_B>Could infer relaxation but lacks context for full day off conclusions.</feedback_B>
</evaluation>",tie
