input_question,winner,judge_raw_response,A_relevance,A_completeness,A_accuracy,A_clarity,A_helpfulness,A_total_score,A_feedback,B_relevance,B_completeness,B_accuracy,B_clarity,B_helpfulness,B_total_score,B_feedback,final_argument_A,final_argument_B
"Answer the following question: Given the background: Middle adulthood lasts from the mid-30s to the mid-60s. During this stage of life, many people raise a family and strive to attain career goals. They start showing physical signs of aging, such as wrinkles and gray hair. Typically, vision, strength and reaction time start declining. Diseases such as type 2 diabetes, cardiovascular or heart disease, and cancer are often diagnosed during this stage of life. These diseases are also the chief causes of death in middle adulthood.  and the situation: David works for the government as a statistician. He had to produce a report for the coming annual meeting. This year he is thinking about a report with some lifestyle suggestions for middle adulthood population. To make it easier to understand the needs of middle adulthood population he would compare it with a group who are in their twenties. He labeled the first group as group A; and the latter group as group B.  Answer the following question: Would group B have faster or slower reaction time than group A?
Answer:",llama_output,"```xml
<evaluation>
  <answer_A>
    <scores>
      <relevance>5</relevance>
      <completeness>4</completeness>
      <accuracy>5</accuracy>
      <clarity>5</clarity>
      <helpfulness>5</helpfulness>
    </scores>
    <total_score>25</total_score>
    <feedback>Team A's response offers a thorough and well-structured argument, effectively using scientific evidence, addressing potential counterarguments, and outlining concrete strategies. </feedback>
  </answer_A>
  <answer_B>
    <scores>
      <relevance>4</relevance>
      <completeness>3</completeness>
      <accuracy>5</accuracy>
      <clarity>3</clarity>
      <helpfulness>4</helpfulness>
    </scores>
    <total_score>17</total_score>
    <feedback>Team B's response provides a strong starting point for the argument but could benefit from deeper exploration of specific lifestyle factors. </feedback>
  </answer_B>
</evaluation>
``` 



",5,4,5,5,5,25,"Team A's response offers a thorough and well-structured argument, effectively using scientific evidence, addressing potential counterarguments, and outlining concrete strategies.",4,3,5,3,4,17,Team B's response provides a strong starting point for the argument but could benefit from deeper exploration of specific lifestyle factors.,"## Our AI Answer: The Ultimate Defense 

While our initial argument effectively addresses the question of reaction time differences between younger and middle-aged populations, we can further solidify its strength by incorporating additional points and addressing potential counterarguments with robust evidence.  

First, let's address a possible counterargument that might arise from focusing solely on age: **the impact of lifestyle choices**.  The argument already touches upon this crucial aspect by highlighting the need for maintaining physical fitness and cognitive function to mitigate the decline in reaction time. 

However, we can elevate this point further. We need to present concrete examples demonstrating how specific lifestyles *can* delay or minimize this age-related decline in reaction time.  We can leverage research exploring interventions like:
* **Cognitive training:** Studies show that engaging in cognitive activities such as puzzles and memory games can help maintain brain function and potentially improve reaction times. 
* **Exercise:** Regular aerobic exercise, especially strength training, has been shown to enhance reaction speed and reduce the decline associated with aging.

We must further strengthen our claim by emphasizing how David's report can translate these findings into actionable recommendations for middle-aged individuals. 

**Here's where we can add a touch of pragmatism**:  Our AI should not only present theoretical concepts but also offer tangible strategies that David can incorporate in his report. For example:

* **Specific exercises:**  David could recommend specific types of exercise like high-intensity interval training (HIIT) and agility drills which show benefits for both physical and mental acuity.
* **Dietary insights:**  He could highlight the importance of maintaining a healthy diet with adequate protein, omega-3 fatty acids, and antioxidants to support cognitive function and reaction time.

**Expanding on research evidence**: By incorporating studies like those from the Journal of Gerontology cited earlier, we can demonstrate the concrete impact of these lifestyle changes on reaction times.  This would further enhance the strength of our argument, making it clear that David's report is not just about acknowledging age-related decline but empowering people to proactively take control of their physical and cognitive health. 


Finally, we must ensure that our AI response remains sensitive to the ethical considerations inherent in this topic. The focus should be on promoting healthy aging, rather than emphasizing perceived vulnerability or negativity associated with middle adulthood.  By highlighting the positive aspects of navigating this stage of life – such as increased wisdom, experience, and newfound resilience – we can create a balanced and impactful argument.

**In conclusion**, our AI response presents a compelling argument that goes beyond simply stating age-related changes in reaction time. It offers valuable insights into the factors influencing reaction speed in middle adulthood and provides David with practical strategies to incorporate these insights into his report.  By combining scientific rigor, actionable recommendations, and sensitivity, we can ensure that this response stands as a powerful defense for the AI's answer. 



","##  The Age Advantage: Examining Reaction Time Through a Multifaceted Lens 

Our team has effectively presented a compelling argument for why Group B, comprised of individuals in their twenties, would exhibit faster reaction times compared to Group A, middle-aged adults. However, it's essential to acknowledge that our analysis rests on several interconnected factors, each with its own weight and potential influence:

**1. The Scientific Baseline: Age and Reaction Time:**

Our teammate rightly points out the established correlation between age and a decline in reaction time. This is rooted in physiological changes across middle adulthood, including changes in vision, strength, and potentially the nervous system's speed.  This scientific data provides a solid foundation for our argument. 

**2. Beyond the Biological: The Role of Lifestyle:**

While aging undoubtedly impacts reaction time, it's crucial to recognize that individual lifestyles play a significant role in this area.  The answer does not explicitly address these factors. 
* **Physical Activity and Stamina:** Middle-aged individuals may experience decreased physical activity levels compared to their younger counterparts, which can result in slower reaction times. In contrast, active individuals in their twenties likely have higher stamina due to their natural athleticism and the energy they possess at this stage of life.
* **Stress Management: ** High stress levels are more common among middle-aged individuals dealing with family responsibilities and work pressures.  This can hinder performance as reaction times often become slower under chronic stress. 
* **Sleep Habits:** Sleep quality fluctuates throughout life. Young adults, on average, tend to have better sleep patterns and enjoy more restful nights compared to those in their mid-30s to 60s. This contributes to higher alertness and faster reaction times during tasks.

**3. Addressing Potential Counterarguments:**

* **The ""Peak Performance"" Myth**:  While there's a notion that people hit peak physical performance at specific ages, this may not be universally true. Individuals in their twenties are often in the midst of a period of significant development and can have an exceptional capacity for skill acquisition and adaptation, which could contribute to faster reaction times. 
* **Individual Variability**: While we can look at broad trends, it's important to remember that individual responses to age and stress vary significantly. There will always be exceptions, and this needs to be acknowledged within the discussion.

**4. Moving Beyond Simple Reaction Time:**

While reaction time is a significant factor in understanding potential differences between the groups, we must consider other aspects of performance:

* **Cognitive Function:** A study could examine whether the cognitive demands of the report itself might favor Group B due to their age-related advantages.  
* **Problem-Solving Skills:** How does their age impact problem-solving speed and decision-making under pressure? This could provide a deeper insight into how each group handles complex challenges. 

**5. Building a Comprehensive Argument:**

To conclude, our initial argument about faster reaction times for Group B holds strong evidence, but it's crucial to expand on this analysis.  By integrating lifestyle factors, addressing potential counterarguments, and considering other aspects of performance such as cognitive function and problem-solving skills, we can strengthen the overall argument and build a more comprehensive case. This will ensure a nuanced discussion that considers both the inherent changes associated with age and the individual experiences within each group. 



 
"
"Who is allowed to read the guides ?

Translate to French.",llama_output,"```xml
<evaluation>
  <answer_A>
    <scores>
      <relevance>5</relevance>
      <completeness>4</completeness>
      <accuracy>4</accuracy>
      <clarity>5</clarity>
      <helpfulness>5</helpfulness>
    </scores>
    <total_score>25</total_score>
    <feedback>The argument is well-structured and offers a detailed analysis with concrete examples. </feedback>
  </answer_A>
  <answer_B>
    <scores>
      <relevance>4</relevance>
      <completeness>3</completeness>
      <accuracy>4</accuracy>
      <clarity>4</clarity>
      <helpfulness>4</helpfulness>
    </scores>
    <total_score>16</total_score>
    <feedback>The argument is sound but lacks the depth and detailed analysis as Team A. </feedback>
  </answer_B>
</evaluation>
``` 
",5,4,4,5,5,25,The argument is well-structured and offers a detailed analysis with concrete examples.,4,3,4,4,4,16,The argument is sound but lacks the depth and detailed analysis as Team A.,"Our team has rightfully highlighted this AI’s impressive ability to delve into nuanced questions like guide access.  We agree that the generated response deserves robust defense, but we can further strengthen it by considering these key points: 

**1. Building on Depth and Practicality:** While the examples are well-chosen, expanding upon them will elevate our argument. For instance: 
    * **Expanding on Professional Roles:** Instead of just listing professions,  we could delve deeper into specific roles within those fields (e.g., customer service agents vs. senior engineers) and how their needs would shape guide accessibility.
    * **Real-World Case Studies:** Adding brief case studies highlighting real-world scenarios where the access to guides was crucial (e.g., a training program for medical technicians needing precise information on patient care procedures) will demonstrate its practical relevance. 

**2. Addressing Potential Weaknesses:**  While the response is comprehensive, it's important to acknowledge and address potential gaps:
    * **Formal Access Regulations:** While acknowledging limitations is good, explicitly mentioning any regulatory framework or industry-specific guidelines regarding guide access (e.g., GDPR compliance for data privacy) would add weight to the argument and demonstrate a clear understanding of legal frameworks. 

**3. Expanding on Limitations:**  Our initial response focused on the 'who' aspect but should also address 'how' the guides are accessed:
    * **Security Protocols:** We could explore specific security protocols that often dictate who can access sensitive information, even if it is not directly related to 'guides.' This would demonstrate an understanding of how these regulations translate into real-world situations.

**4. Emphasizing AI's Ability for Future Adaptation:**   While the response offers a solid baseline, our team should showcase how this AI can adapt to new challenges and questions about guide access. 
    * **Example of Changing Context:** We could add examples of how the AI might adjust its response if presented with a scenario involving public vs private guides or even a case study where a user group's needs change over time.  

By adding these layers of depth, we can build a defense that highlights not only the strength of this AI’s initial answer, but also emphasizes its adaptability and capacity for future learning. 
","## A Stronger Case:  Building on Logic & Refining Our Analysis 

While our AI's response demonstrates strong logic and clear reasoning, we can refine it further by integrating additional insights and addressing potential weaknesses, strengthening the argument in a compelling way.

Firstly, **the team should emphasize the role of ""active subscription"" as a key factor.**  The response correctly acknowledges this crucial detail – an active subscription is not simply about paying for access; it signifies commitment to the platform and its services. This commitment often comes with specific benefits like exclusive content and priority access, which align with user motivations for subscribing to educational resources or technical platforms. 

Secondly, **we can explore alternative interpretations of ""allowed to read.""**  The initial response focuses on who can *access* the guides but could also delve into ""who should read"" – those directly benefiting from the content based on their purpose and context. For instance, are these guides meant for academic study, professional development, or personal curiosity? The AI needs to consider the **different roles users might play** while interpreting ""allowed to read.""  This allows us to address potential ambiguity in a nuanced and persuasive manner.

Thirdly, **the team should provide specific examples of this logic in action.** If possible, drawing on real-world scenarios or analogous situations where subscription models are used for education or content sharing can further solidify the AI's reasoning. For instance: 
*  Highlighting how certain companies offer premium versions of their websites with exclusive features for subscribers – providing a tangible illustration of how ""active subscription"" translates into enhanced user experience.
* Briefly mentioning online platforms like Coursera or Udemy, where users pay for access to specialized courses and materials, illustrating the concept of paid subscriptions in education contexts.

Finally, **we must address potential weaknesses.**  While the AI's logic is sound, it relies on a fairly direct interpretation of limited information provided by the response itself. It would be wise to acknowledge this constraint and explicitly mention that, while a subscription-based model seems likely, further clarification from the platform or resource developers could provide definitive answers. 

In conclusion, by integrating these additions – focusing on active subscriptions, considering different roles, providing concrete examples, and acknowledging limitations in available information – we can build a stronger defense of the AI's answer and present an even more compelling argument for this complex question. 



**Teamwork is key!** Let us ensure a complete understanding of the user’s intent and provide our best answers!  
"
